,press_date,press_name,ranking,title
0,2024. 9. 16. 월,중앙일보,1,한해 입장료 3954억 넘었다…초대박 터진 사찰의 비결
1,2024. 9. 16. 월,중앙일보,2,주지스님 몰던 차에 치여 숨졌다…고향집 찾은 30대 참변
2,2024. 9. 16. 월,중앙일보,3,"""유튜브 보는데 아빠가 죽었다고""…김봉곤 딸 오열한 사연"
3,2024. 9. 16. 월,중앙일보,4,"결혼, 이혼, 동거 중…함소원 ""내 미래 어떻게 될지 모르겠다"""
4,2024. 9. 16. 월,중앙일보,5,"폭삭 늙던 뇌가 젊어진다, 40대에 꼭 해야 할 2가지"
5,2024. 9. 16. 월,중앙일보,6,"""화장실? 청소해 줄게요""…친절했던 가게 사장님 충격 정체"
6,2024. 9. 16. 월,중앙일보,7,"""요즘 살빠지니까""…미코 출신 레이싱모델 신해리 32세로 사망"
7,2024. 9. 16. 월,중앙일보,8,친윤서 반윤으로 떠난 이원석…'현대사 압축판' 검찰총장 수난사
8,2024. 9. 16. 월,중앙일보,9,"전시작품에 '오빠 사랑해'…""미친 사람"" 분노 부른 한글 낙서"
9,2024. 9. 16. 월,중앙일보,10,"지구당, 가사도우미 놓고도 붙었다…韓과 대립각 세운 오세훈"
10,2024. 9. 16. 월,YTN,1,필리핀에 떨어진 소행성...지구 충돌 11시간 전 발견
11,2024. 9. 16. 월,YTN,2,가장 막혔던 연휴 둘째 날...연쇄 추돌에 화재까지
12,2024. 9. 16. 월,YTN,3,"탈출했던 애완용 도마뱀 포획...""주인에게 인계"""
13,2024. 9. 16. 월,YTN,4,의사 블랙리스트 또 업데이트...경찰에 대통령까지 조롱
14,2024. 9. 16. 월,YTN,5,"6년째 끊긴 이산가족 상봉...윤 대통령 ""시급한 문제"""
15,2024. 9. 16. 월,YTN,6,"이란 ""자체 개발 인공위성 궤도 진입""...미영, 러·이란 군사협력 주목"
16,2024. 9. 16. 월,YTN,7,"[날씨] ""이렇게 더운 추석 처음""...서울 등 폭염특보, 가장 더운 9월"
17,2024. 9. 16. 월,YTN,8,"윤, 경찰·소방서 격려 방문...김 여사, 장애아 시설 찾아"
18,2024. 9. 16. 월,YTN,9,고속도로 2차 사고 주의!...브레이크 이렇게 밟아야
19,2024. 9. 16. 월,한국경제,1,"줄줄이 문 닫더니…""가성비 미쳤네"" 오픈런까지 '반전 대박'"
20,2024. 9. 16. 월,한국경제,2,"양수 터진 임신부, 병원 75곳서 거부 당해…6시간 만에 치료"
21,2024. 9. 16. 월,한국경제,3,"""파산하겠네"" 부모들 큰일 났다더니…2030까지 푹 빠졌다 [현장+]"
22,2024. 9. 16. 월,한국경제,4,"바다서 438일 표류하다 생존한 男…""식인종 비난 시달려"" 호소"
23,2024. 9. 16. 월,한국경제,5,"""뉴진스 인기상품 취급""…김앤장 출신 변호사, 하이브 '일침'"
24,2024. 9. 16. 월,한국경제,6,"SNS 싹 정리한 정용진, 반년 만에 올린 '티셔츠' 사진이…"
25,2024. 9. 16. 월,한국경제,7,"""망치로 겁주고 방에 가둬 폭행""…아동학대 父 알고 보니"
26,2024. 9. 16. 월,한국경제,8,"""한 순간에 장애인 됐다""…팔 찢어진 한 40대 가장의 '호소'"
27,2024. 9. 16. 월,한국경제,9,대전 명물 '성심당 대전역점' 희소식 전해졌다…무슨 일이?
28,2024. 9. 16. 월,한국경제,10,그 많던 중고차는 어디로…'전기차' 사들이더니 벌어진 일
29,2024. 9. 16. 월,아시아경제,1,"""4년만에 합격했는데 갈 곳 없네"" 씁쓸한 추석맞은 CPA 합격생"
30,2024. 9. 16. 월,아시아경제,2,"""내 아내인 것 같은데 확인좀""…음란물 보다가 분석 의뢰하는 남편들 '황당'"
31,2024. 9. 16. 월,아시아경제,3,"""1년에 2억5000만원 벌어요""…졸업하면 부자 되는 '이 대학'"
32,2024. 9. 16. 월,아시아경제,4,"미코 출신 레이싱모델 신해리, 향년 32세로 사망"
33,2024. 9. 16. 월,아시아경제,5,1700원짜리 5000원 주고 먹었는데…판매량 '뚝' 떨어진 이 과자
34,2024. 9. 16. 월,아시아경제,6,"'오빠 사랑해' 낙서에…""한국인 자수하세요"" 분노한 외국인 유튜버"
35,2024. 9. 16. 월,아시아경제,7,손흥민 잔디 지적에 신속 대응한 서울시…아이유 콘서트 어쩌나
36,2024. 9. 16. 월,아시아경제,8,"횡성휴게소 벤츠 화재, 비번 소방관들이 10분만에 진압"
37,2024. 9. 16. 월,아시아경제,9,"""명절 집안일 힘들어""…'가짜 깁스'하다 걸린 며느리"
38,2024. 9. 16. 월,아시아경제,10,'초봉 2.6억'이지만 워라밸 없었다…주 100시간 일하다 사망한 직원
39,2024. 9. 16. 월,경향신문,1,"강남역 뒤덮은 분노의 목소리 “여가부 공석 방치하는 정부, 딥페이크 가해자들 비웃는다”"
40,2024. 9. 16. 월,경향신문,2,"‘개통령’ 강형욱 새 출발...“솔루션 필요한 반려견, 100% 무료”"
41,2024. 9. 16. 월,경향신문,3,"응급실 4곳 “못 받아” 잘린 손가락 들고 발동동, 100㎞ 밖 병원 2시간만에"
42,2024. 9. 16. 월,경향신문,4,"김건희 여사, 연이은 공개 행보…야당 “김 여사 가야 할 곳, 특검 조사실”"
43,2024. 9. 16. 월,경향신문,5,"변희재 “방시혁 뉴진스 죽이기, 하이브 가치 박살···주주 손배청구해야”"
44,2024. 9. 16. 월,경향신문,6,김건희 여사 마포대교 방문이 ‘통치자’처럼 보이는 이유
45,2024. 9. 16. 월,경향신문,7,"“실언이오” “제거해야”···김문수같은 ‘일본 국적’ 발언, 제헌국회 땐 더 혼났다"
46,2024. 9. 16. 월,경향신문,8,‘무자본 갭투자’ 49채 굴리다 전세금 못 돌려준 교육부 공무원…징계는 ‘견책’
47,2024. 9. 16. 월,경향신문,9,"‘민간인 최초 우주유영’ 폴라리스 던, 지구 귀환 성공"
48,2024. 9. 16. 월,경향신문,10,국내 최대 ‘대하 축제’ 열린다…추석 연휴 인기 여행지는?
49,2024. 9. 15. 일,시사저널,1,"조국 ""尹, 한동훈 '데리고 있던 꼬마가 덤비네?' 생각해 꼴 보기 싫을 것"""
50,2024. 9. 15. 일,시사저널,2,새 검찰총장 1호 처분은 '김건희 무혐의'? 추석 후 과제 산적
51,2024. 9. 15. 일,시사저널,3,"""급발진 사고 원인 찾을까""…서울 택시 155대 페달 블랙박스 장착"
52,2024. 9. 15. 일,시사저널,4,이재명-한동훈 '의료대란' 해결사 경쟁…尹은 경찰‧소방 방문 격려
53,2024. 9. 15. 일,시사저널,5,"""추석 연휴 음주 단속 예고했는데""…경찰 비웃는 음주운전 여전"
54,2024. 9. 15. 일,시사저널,6,"김건희 그림자?…추석 정국, 尹대통령 앞에 놓인 세 가지 난제"
55,2024. 9. 15. 일,시사저널,7,"종이·비닐‧플라스틱…北, 추석에도 '오물 풍선' 50여개 날려 보냈다"
56,2024. 9. 15. 일,시사저널,8,"한동훈, 文정부 겨냥해 ""北 우라늄 공개, 굴종외교가 만든 현실"""
57,2024. 9. 15. 일,시사저널,9,이재명 기각→이준석 합당→'?'…이번 '추석 밥상'엔 누가 오를까
58,2024. 9. 15. 일,시사저널,10,추석 연휴 둘째 날 전국 596만대 이동…'정오~오후 1시 정점'
59,2024. 9. 16. 월,KBS,1,“‘72개월’ 할부라더니 실제는 ‘12개월’”…“포인트 사용 코드 때문” [제보K]
60,2024. 9. 16. 월,KBS,2,‘의사 블랙리스트’ 또 업데이트…“경찰은 헛짓거리 그만”
61,2024. 9. 16. 월,KBS,3,양육 안 하고 돈도 뜯는 부모…‘구하라법’도 못 막아
62,2024. 9. 16. 월,KBS,4,추석 코앞인데…서울 역대 가장 늦은 폭염특보
63,2024. 9. 16. 월,KBS,5,기체 결함으로 출발 지연…‘드론 출현’ 17분 운항 중단
64,2024. 9. 16. 월,KBS,6,"광주서 손가락 절단된 환자, 수술 의료진 없어 전주로 이송"
65,2024. 9. 16. 월,KBS,7,"윤 대통령, 경찰관·소방대원 격려…“제복 입은 영웅들에게 정당한 보상”"
66,2024. 9. 16. 월,KBS,8,발 디딜 틈 없는 전통시장…추석 대목 맞아 ‘북적’
67,2024. 9. 16. 월,KBS,9,[뉴스9 날씨] 내일도 곳곳 소나기…서쪽은 폭염특보
68,2024. 9. 16. 월,KBS,10,“미국 유권자 56%가 트럼프 관세공약 지지…민주당 3분의 1도 찬성”
69,2024. 9. 16. 월,서울경제,1,"성심당, '대전 명물' 그대로 남을까…월세 4.4억→1.3억 '뚝'"
70,2024. 9. 16. 월,서울경제,2,‘75년만에 최강’ 태풍 접근에 中 상하이 비상
71,2024. 9. 16. 월,서울경제,3,‘오빠 사랑해’ 낙서테러에…네덜란드 출신 유튜버 “미친 사람들이…”
72,2024. 9. 16. 월,서울경제,4,"""기차표 못 구해 귀성도 포기했는데…"" 승차권 10장 중 4장은 '노쇼' 였다"
73,2024. 9. 16. 월,서울경제,5,83평 220억 원에 팔렸다… 서울 최고가 아파트 '나인원한남'
74,2024. 9. 16. 월,서울경제,6,“아기 500만원에 파시면 안 될까요”…6년간 친자식처럼 기른 여성 결국
75,2024. 9. 16. 월,서울경제,7,"[영상]""수리비만 2200억? 그냥 폭파하자""…허리케인 피해입은 22층 빌딩 '와르르'"
76,2024. 9. 16. 월,서울경제,8,"""남편 바람기 막으려 '성적 어필 훈련' 간다?""…이틀간 비용이 무려?"
77,2024. 9. 16. 월,서울경제,9,"女직원 앞에서 ""OO 뽑아""…과기한림원 부원장 '폭언·갑질' 의혹 일파만파"
78,2024. 9. 16. 월,서울경제,10,휴대전화 게임했다고 아들 방에 가두고 때린 경찰관…아동학대 혐의 입건
79,2024. 9. 16. 월,파이낸셜뉴스,1,알바 면접 갔다가 성폭행 당한 10대…성병 결과 나온 날 '극단적 선택'
80,2024. 9. 16. 월,파이낸셜뉴스,2,"'미코 출신 레이싱모델’ 신해리, 갑작스런 사망..이틀 전 SNS에 올린 글 '의아'"
81,2024. 9. 16. 월,파이낸셜뉴스,3,"아이폰16, 8GB 램 탑재.. 갤럭시S24 결국 따라잡혔다 [1일IT템]"
82,2024. 9. 16. 월,파이낸셜뉴스,4,"""물건 훔쳤잖아""..20대 女손님, 강제로 몸 수색한 편의점 男직원"
83,2024. 9. 16. 월,파이낸셜뉴스,5,손가락 잘렸는데 100km 떨어진 곳에서 치료...추석 의료공백 노출
84,2024. 9. 16. 월,파이낸셜뉴스,6,법주사 주지스님 몰던 차량에...고향 찾은 30대 치여 숨져
85,2024. 9. 16. 월,파이낸셜뉴스,7,"장애아동 한명한명 챙긴 김건희 여사 ""작은 힘 보탤 것"""
86,2024. 9. 16. 월,파이낸셜뉴스,8,"""스타킹 찢기 배워요""..남편 바람기 막는 '섹시 어필' 훈련 캠프 등장 '경악'"
87,2024. 9. 16. 월,파이낸셜뉴스,9,'1호 기상캐스터' 김동완 전 기상통보관 별세…향년 89세
88,2024. 9. 16. 월,파이낸셜뉴스,10,"막말에 빠진 국회…尹정부서 ""양당 논평 공격성 3배 급증"""
89,2024. 9. 16. 월,SBS,1,"벌써 1800만 장 팔렸다…'오공' 열풍에 한국은 참담, 왜"
90,2024. 9. 16. 월,SBS,2,1400개 열차표 쓸었다 환불…포인트 빼먹는 꼼수 못 잡나
91,2024. 9. 16. 월,SBS,3,"페트병 오줌에 집안 쓰레기도…""지린내"" 더럽혀진 도로변"
92,2024. 9. 16. 월,SBS,4,"""황금 같은 연휴인데""…출발 직전 결항에 발 묶인 여행객"
93,2024. 9. 16. 월,SBS,5,70곳 넘게 전화…임신부 '응급실 뺑뺑이'
94,2024. 9. 16. 월,SBS,6,신축은 비싸고 재건축 기약 없고…10년 안팎 아파트 뜬다
95,2024. 9. 16. 월,SBS,7,괴산 칠보산 사찰 인근서 70대 남성 숨진 채 발견
96,2024. 9. 16. 월,SBS,8,유럽 대륙서 영국 가려다 보트 뒤집혀…8명 사망
97,2024. 9. 16. 월,SBS,9,"""원금 보장"" 거액 투자하자 먹튀…업체 가보니 정부청사?"
98,2024. 9. 16. 월,SBS,10,"""귀성길인데 민소매"" 여름 같은 한가위…곳곳 폭염특보"
99,2024. 9. 16. 월,MBN,1,"""푸바오급 인기""…태국 아기하마 '무뎅', 얼마나 귀엽길래"
100,2024. 9. 16. 월,MBN,2,"[단독] ""이웃집 주민이 폭행당하고 있다""…교제폭력 후 도주하다 추락한 남성"
101,2024. 9. 16. 월,MBN,3,"해리스, 흑인 표심 호소…트럼프 장남 ""제3세계 IQ"" 비하"
102,2024. 9. 16. 월,MBN,4,연휴 내내 30도 이상 폭염... '추분' 지나야 늦더위 탈출
103,2024. 9. 16. 월,MBN,5,신고도 안 하고 배짱 영업…주변 상인들은 분통
104,2024. 9. 16. 월,MBN,6,"밤엔 닫는 동네병원, 아프면 어디로?…""일반 응급실은 부담금 그대로"""
105,2024. 9. 16. 월,MBN,7,늘어나는 난청 환자 …이어폰 끼다가 보청기 찬다
106,2024. 9. 16. 월,MBN,8,월병 너마저…얇아진 지갑에 중추절 선물 인심도 '꽁꽁'
107,2024. 9. 16. 월,MBN,9,"""트럼프를 요리"" 해리스 밈 돌풍 만든 25세 MZ팀"
108,2024. 9. 16. 월,MBN,10,손그림 일기도 그리던 대한민국 '1호 기상캐스터'…김동완 전 통보관 별세
109,2024. 9. 16. 월,한겨레,1,“윤 대통령 선물세트 팝니다”…중고거래 ‘명절테크’ 성행
110,2024. 9. 16. 월,한겨레,2,"김건희, 추석 연휴에도 공개 행보…민주 “가야할 곳은 특검 조사실”"
111,2024. 9. 16. 월,한겨레,3,추석 연휴 월요일도 ‘체감 35도’ 찜통…오전부터 천둥 동반 빗줄기
112,2024. 9. 16. 월,한겨레,4,"“내 피땀 눈물”…외국인 유튜버, 서울 전시 ‘낙서 테러’에 분노"
113,2024. 9. 16. 월,한겨레,5,김포서 ‘1m 도마뱀’ 3시간 탈출 소동…“피해는 없어”
114,2024. 9. 16. 월,한겨레,6,‘국회 무시’ 윤 대통령…박정희·전두환도 의식은 했었다
115,2024. 9. 16. 월,한겨레,7,"이재명, 조계종 찾아 “의료대란 중재, 종교계 나서달라”"
116,2024. 9. 16. 월,한겨레,8,김포 아파트서 1m 도마뱀 탈출…“발견 즉시 119 신고”
117,2024. 9. 16. 월,한겨레,9,"한국 프로야구, 사상 첫 ‘천만 관중’ 시대 열었다"
118,2024. 9. 16. 월,한겨레,10,찜통 같은 추석 연휴…‘체감 33도’ 서울 폭염주의보
119,2024. 9. 16. 월,중앙일보,1,한해 입장료 3954억 넘었다…초대박 터진 사찰의 비결
120,2024. 9. 16. 월,중앙일보,2,주지스님 몰던 차에 치여 숨졌다…고향집 찾은 30대 참변
121,2024. 9. 16. 월,중앙일보,3,"""유튜브 보는데 아빠가 죽었다고""…김봉곤 딸 오열한 사연"
122,2024. 9. 16. 월,중앙일보,4,"결혼, 이혼, 동거 중…함소원 ""내 미래 어떻게 될지 모르겠다"""
123,2024. 9. 16. 월,중앙일보,5,"폭삭 늙던 뇌가 젊어진다, 40대에 꼭 해야 할 2가지"
124,2024. 9. 16. 월,중앙일보,6,"""화장실? 청소해 줄게요""…친절했던 가게 사장님 충격 정체"
125,2024. 9. 16. 월,중앙일보,7,"""요즘 살빠지니까""…미코 출신 레이싱모델 신해리 32세로 사망"
126,2024. 9. 16. 월,중앙일보,8,친윤서 반윤으로 떠난 이원석…'현대사 압축판' 검찰총장 수난사
127,2024. 9. 16. 월,중앙일보,9,"전시작품에 '오빠 사랑해'…""미친 사람"" 분노 부른 한글 낙서"
128,2024. 9. 16. 월,중앙일보,10,"지구당, 가사도우미 놓고도 붙었다…韓과 대립각 세운 오세훈"
129,2024. 9. 16. 월,YTN,1,필리핀에 떨어진 소행성...지구 충돌 11시간 전 발견
130,2024. 9. 16. 월,YTN,2,가장 막혔던 연휴 둘째 날...연쇄 추돌에 화재까지
131,2024. 9. 16. 월,YTN,3,"탈출했던 애완용 도마뱀 포획...""주인에게 인계"""
132,2024. 9. 16. 월,YTN,4,의사 블랙리스트 또 업데이트...경찰에 대통령까지 조롱
133,2024. 9. 16. 월,YTN,5,"6년째 끊긴 이산가족 상봉...윤 대통령 ""시급한 문제"""
134,2024. 9. 16. 월,YTN,6,"이란 ""자체 개발 인공위성 궤도 진입""...미영, 러·이란 군사협력 주목"
135,2024. 9. 16. 월,YTN,7,"[날씨] ""이렇게 더운 추석 처음""...서울 등 폭염특보, 가장 더운 9월"
136,2024. 9. 16. 월,YTN,8,"윤, 경찰·소방서 격려 방문...김 여사, 장애아 시설 찾아"
137,2024. 9. 16. 월,YTN,9,고속도로 2차 사고 주의!...브레이크 이렇게 밟아야
138,2024. 9. 16. 월,한국경제,1,"줄줄이 문 닫더니…""가성비 미쳤네"" 오픈런까지 '반전 대박'"
139,2024. 9. 16. 월,한국경제,2,"양수 터진 임신부, 병원 75곳서 거부 당해…6시간 만에 치료"
140,2024. 9. 16. 월,한국경제,3,"""파산하겠네"" 부모들 큰일 났다더니…2030까지 푹 빠졌다 [현장+]"
141,2024. 9. 16. 월,한국경제,4,"바다서 438일 표류하다 생존한 男…""식인종 비난 시달려"" 호소"
142,2024. 9. 16. 월,한국경제,5,"""뉴진스 인기상품 취급""…김앤장 출신 변호사, 하이브 '일침'"
143,2024. 9. 16. 월,한국경제,6,"SNS 싹 정리한 정용진, 반년 만에 올린 '티셔츠' 사진이…"
144,2024. 9. 16. 월,한국경제,7,"""망치로 겁주고 방에 가둬 폭행""…아동학대 父 알고 보니"
145,2024. 9. 16. 월,한국경제,8,"""한 순간에 장애인 됐다""…팔 찢어진 한 40대 가장의 '호소'"
146,2024. 9. 16. 월,한국경제,9,대전 명물 '성심당 대전역점' 희소식 전해졌다…무슨 일이?
147,2024. 9. 16. 월,한국경제,10,그 많던 중고차는 어디로…'전기차' 사들이더니 벌어진 일
148,2024. 9. 16. 월,아시아경제,1,"""4년만에 합격했는데 갈 곳 없네"" 씁쓸한 추석맞은 CPA 합격생"
149,2024. 9. 16. 월,아시아경제,2,"""내 아내인 것 같은데 확인좀""…음란물 보다가 분석 의뢰하는 남편들 '황당'"
150,2024. 9. 16. 월,아시아경제,3,"""1년에 2억5000만원 벌어요""…졸업하면 부자 되는 '이 대학'"
151,2024. 9. 16. 월,아시아경제,4,"미코 출신 레이싱모델 신해리, 향년 32세로 사망"
152,2024. 9. 16. 월,아시아경제,5,1700원짜리 5000원 주고 먹었는데…판매량 '뚝' 떨어진 이 과자
153,2024. 9. 16. 월,아시아경제,6,"'오빠 사랑해' 낙서에…""한국인 자수하세요"" 분노한 외국인 유튜버"
154,2024. 9. 16. 월,아시아경제,7,손흥민 잔디 지적에 신속 대응한 서울시…아이유 콘서트 어쩌나
155,2024. 9. 16. 월,아시아경제,8,"횡성휴게소 벤츠 화재, 비번 소방관들이 10분만에 진압"
156,2024. 9. 16. 월,아시아경제,9,"""명절 집안일 힘들어""…'가짜 깁스'하다 걸린 며느리"
157,2024. 9. 16. 월,아시아경제,10,'초봉 2.6억'이지만 워라밸 없었다…주 100시간 일하다 사망한 직원
158,2024. 9. 16. 월,경향신문,1,"강남역 뒤덮은 분노의 목소리 “여가부 공석 방치하는 정부, 딥페이크 가해자들 비웃는다”"
159,2024. 9. 16. 월,경향신문,2,"‘개통령’ 강형욱 새 출발...“솔루션 필요한 반려견, 100% 무료”"
160,2024. 9. 16. 월,경향신문,3,"응급실 4곳 “못 받아” 잘린 손가락 들고 발동동, 100㎞ 밖 병원 2시간만에"
161,2024. 9. 16. 월,경향신문,4,"김건희 여사, 연이은 공개 행보…야당 “김 여사 가야 할 곳, 특검 조사실”"
162,2024. 9. 16. 월,경향신문,5,"변희재 “방시혁 뉴진스 죽이기, 하이브 가치 박살···주주 손배청구해야”"
163,2024. 9. 16. 월,경향신문,6,김건희 여사 마포대교 방문이 ‘통치자’처럼 보이는 이유
164,2024. 9. 16. 월,경향신문,7,"“실언이오” “제거해야”···김문수같은 ‘일본 국적’ 발언, 제헌국회 땐 더 혼났다"
165,2024. 9. 16. 월,경향신문,8,‘무자본 갭투자’ 49채 굴리다 전세금 못 돌려준 교육부 공무원…징계는 ‘견책’
166,2024. 9. 16. 월,경향신문,9,"‘민간인 최초 우주유영’ 폴라리스 던, 지구 귀환 성공"
167,2024. 9. 16. 월,경향신문,10,국내 최대 ‘대하 축제’ 열린다…추석 연휴 인기 여행지는?
168,2024. 9. 15. 일,시사저널,1,"조국 ""尹, 한동훈 '데리고 있던 꼬마가 덤비네?' 생각해 꼴 보기 싫을 것"""
169,2024. 9. 15. 일,시사저널,2,새 검찰총장 1호 처분은 '김건희 무혐의'? 추석 후 과제 산적
170,2024. 9. 15. 일,시사저널,3,"""급발진 사고 원인 찾을까""…서울 택시 155대 페달 블랙박스 장착"
171,2024. 9. 15. 일,시사저널,4,이재명-한동훈 '의료대란' 해결사 경쟁…尹은 경찰‧소방 방문 격려
172,2024. 9. 15. 일,시사저널,5,"""추석 연휴 음주 단속 예고했는데""…경찰 비웃는 음주운전 여전"
173,2024. 9. 15. 일,시사저널,6,"김건희 그림자?…추석 정국, 尹대통령 앞에 놓인 세 가지 난제"
174,2024. 9. 15. 일,시사저널,7,"종이·비닐‧플라스틱…北, 추석에도 '오물 풍선' 50여개 날려 보냈다"
175,2024. 9. 15. 일,시사저널,8,"한동훈, 文정부 겨냥해 ""北 우라늄 공개, 굴종외교가 만든 현실"""
176,2024. 9. 15. 일,시사저널,9,이재명 기각→이준석 합당→'?'…이번 '추석 밥상'엔 누가 오를까
177,2024. 9. 15. 일,시사저널,10,추석 연휴 둘째 날 전국 596만대 이동…'정오~오후 1시 정점'
178,2024. 9. 16. 월,KBS,1,“‘72개월’ 할부라더니 실제는 ‘12개월’”…“포인트 사용 코드 때문” [제보K]
179,2024. 9. 16. 월,KBS,2,‘의사 블랙리스트’ 또 업데이트…“경찰은 헛짓거리 그만”
180,2024. 9. 16. 월,KBS,3,양육 안 하고 돈도 뜯는 부모…‘구하라법’도 못 막아
181,2024. 9. 16. 월,KBS,4,추석 코앞인데…서울 역대 가장 늦은 폭염특보
182,2024. 9. 16. 월,KBS,5,기체 결함으로 출발 지연…‘드론 출현’ 17분 운항 중단
183,2024. 9. 16. 월,KBS,6,"광주서 손가락 절단된 환자, 수술 의료진 없어 전주로 이송"
184,2024. 9. 16. 월,KBS,7,"윤 대통령, 경찰관·소방대원 격려…“제복 입은 영웅들에게 정당한 보상”"
185,2024. 9. 16. 월,KBS,8,발 디딜 틈 없는 전통시장…추석 대목 맞아 ‘북적’
186,2024. 9. 16. 월,KBS,9,[뉴스9 날씨] 내일도 곳곳 소나기…서쪽은 폭염특보
187,2024. 9. 16. 월,KBS,10,“미국 유권자 56%가 트럼프 관세공약 지지…민주당 3분의 1도 찬성”
188,2024. 9. 16. 월,서울경제,1,"성심당, '대전 명물' 그대로 남을까…월세 4.4억→1.3억 '뚝'"
189,2024. 9. 16. 월,서울경제,2,‘75년만에 최강’ 태풍 접근에 中 상하이 비상
190,2024. 9. 16. 월,서울경제,3,‘오빠 사랑해’ 낙서테러에…네덜란드 출신 유튜버 “미친 사람들이…”
191,2024. 9. 16. 월,서울경제,4,"""기차표 못 구해 귀성도 포기했는데…"" 승차권 10장 중 4장은 '노쇼' 였다"
192,2024. 9. 16. 월,서울경제,5,83평 220억 원에 팔렸다… 서울 최고가 아파트 '나인원한남'
193,2024. 9. 16. 월,서울경제,6,“아기 500만원에 파시면 안 될까요”…6년간 친자식처럼 기른 여성 결국
194,2024. 9. 16. 월,서울경제,7,"[영상]""수리비만 2200억? 그냥 폭파하자""…허리케인 피해입은 22층 빌딩 '와르르'"
195,2024. 9. 16. 월,서울경제,8,"""남편 바람기 막으려 '성적 어필 훈련' 간다?""…이틀간 비용이 무려?"
196,2024. 9. 16. 월,서울경제,9,"女직원 앞에서 ""OO 뽑아""…과기한림원 부원장 '폭언·갑질' 의혹 일파만파"
197,2024. 9. 16. 월,서울경제,10,휴대전화 게임했다고 아들 방에 가두고 때린 경찰관…아동학대 혐의 입건
198,2024. 9. 16. 월,파이낸셜뉴스,1,알바 면접 갔다가 성폭행 당한 10대…성병 결과 나온 날 '극단적 선택'
199,2024. 9. 16. 월,파이낸셜뉴스,2,"'미코 출신 레이싱모델’ 신해리, 갑작스런 사망..이틀 전 SNS에 올린 글 '의아'"
200,2024. 9. 16. 월,파이낸셜뉴스,3,"아이폰16, 8GB 램 탑재.. 갤럭시S24 결국 따라잡혔다 [1일IT템]"
201,2024. 9. 16. 월,파이낸셜뉴스,4,"""물건 훔쳤잖아""..20대 女손님, 강제로 몸 수색한 편의점 男직원"
202,2024. 9. 16. 월,파이낸셜뉴스,5,손가락 잘렸는데 100km 떨어진 곳에서 치료...추석 의료공백 노출
203,2024. 9. 16. 월,파이낸셜뉴스,6,법주사 주지스님 몰던 차량에...고향 찾은 30대 치여 숨져
204,2024. 9. 16. 월,파이낸셜뉴스,7,"장애아동 한명한명 챙긴 김건희 여사 ""작은 힘 보탤 것"""
205,2024. 9. 16. 월,파이낸셜뉴스,8,"""스타킹 찢기 배워요""..남편 바람기 막는 '섹시 어필' 훈련 캠프 등장 '경악'"
206,2024. 9. 16. 월,파이낸셜뉴스,9,'1호 기상캐스터' 김동완 전 기상통보관 별세…향년 89세
207,2024. 9. 16. 월,파이낸셜뉴스,10,"막말에 빠진 국회…尹정부서 ""양당 논평 공격성 3배 급증"""
208,2024. 9. 16. 월,SBS,1,"벌써 1800만 장 팔렸다…'오공' 열풍에 한국은 참담, 왜"
209,2024. 9. 16. 월,SBS,2,1400개 열차표 쓸었다 환불…포인트 빼먹는 꼼수 못 잡나
210,2024. 9. 16. 월,SBS,3,"페트병 오줌에 집안 쓰레기도…""지린내"" 더럽혀진 도로변"
211,2024. 9. 16. 월,SBS,4,"""황금 같은 연휴인데""…출발 직전 결항에 발 묶인 여행객"
212,2024. 9. 16. 월,SBS,5,70곳 넘게 전화…임신부 '응급실 뺑뺑이'
213,2024. 9. 16. 월,SBS,6,신축은 비싸고 재건축 기약 없고…10년 안팎 아파트 뜬다
214,2024. 9. 16. 월,SBS,7,괴산 칠보산 사찰 인근서 70대 남성 숨진 채 발견
215,2024. 9. 16. 월,SBS,8,유럽 대륙서 영국 가려다 보트 뒤집혀…8명 사망
216,2024. 9. 16. 월,SBS,9,"""원금 보장"" 거액 투자하자 먹튀…업체 가보니 정부청사?"
217,2024. 9. 16. 월,SBS,10,"""귀성길인데 민소매"" 여름 같은 한가위…곳곳 폭염특보"
218,2024. 9. 16. 월,MBN,1,"""푸바오급 인기""…태국 아기하마 '무뎅', 얼마나 귀엽길래"
219,2024. 9. 16. 월,MBN,2,"[단독] ""이웃집 주민이 폭행당하고 있다""…교제폭력 후 도주하다 추락한 남성"
220,2024. 9. 16. 월,MBN,3,"해리스, 흑인 표심 호소…트럼프 장남 ""제3세계 IQ"" 비하"
221,2024. 9. 16. 월,MBN,4,연휴 내내 30도 이상 폭염... '추분' 지나야 늦더위 탈출
222,2024. 9. 16. 월,MBN,5,신고도 안 하고 배짱 영업…주변 상인들은 분통
223,2024. 9. 16. 월,MBN,6,"밤엔 닫는 동네병원, 아프면 어디로?…""일반 응급실은 부담금 그대로"""
224,2024. 9. 16. 월,MBN,7,늘어나는 난청 환자 …이어폰 끼다가 보청기 찬다
225,2024. 9. 16. 월,MBN,8,월병 너마저…얇아진 지갑에 중추절 선물 인심도 '꽁꽁'
226,2024. 9. 16. 월,MBN,9,"""트럼프를 요리"" 해리스 밈 돌풍 만든 25세 MZ팀"
227,2024. 9. 16. 월,MBN,10,손그림 일기도 그리던 대한민국 '1호 기상캐스터'…김동완 전 통보관 별세
228,2024. 9. 16. 월,한겨레,1,“윤 대통령 선물세트 팝니다”…중고거래 ‘명절테크’ 성행
229,2024. 9. 16. 월,한겨레,2,"김건희, 추석 연휴에도 공개 행보…민주 “가야할 곳은 특검 조사실”"
230,2024. 9. 16. 월,한겨레,3,추석 연휴 월요일도 ‘체감 35도’ 찜통…오전부터 천둥 동반 빗줄기
231,2024. 9. 16. 월,한겨레,4,"“내 피땀 눈물”…외국인 유튜버, 서울 전시 ‘낙서 테러’에 분노"
232,2024. 9. 16. 월,한겨레,5,김포서 ‘1m 도마뱀’ 3시간 탈출 소동…“피해는 없어”
233,2024. 9. 16. 월,한겨레,6,‘국회 무시’ 윤 대통령…박정희·전두환도 의식은 했었다
234,2024. 9. 16. 월,한겨레,7,"이재명, 조계종 찾아 “의료대란 중재, 종교계 나서달라”"
235,2024. 9. 16. 월,한겨레,8,김포 아파트서 1m 도마뱀 탈출…“발견 즉시 119 신고”
236,2024. 9. 16. 월,한겨레,9,"한국 프로야구, 사상 첫 ‘천만 관중’ 시대 열었다"
237,2024. 9. 16. 월,한겨레,10,찜통 같은 추석 연휴…‘체감 33도’ 서울 폭염주의보
