,press_date,press_name,ranking,title,url
0,2024. 9. 23. 월,YTN,1,"청주 여관 방화 3명 사망...""비 안왔으면 더 큰 피해로 이어질 뻔""",https://n.news.naver.com/article/052/0002090795?ntype=RANKING
1,2024. 9. 23. 월,YTN,2,"""성폭행 위기에 성기 절단""…극적 탈출한 인도 女간호사",https://n.news.naver.com/article/052/0002090795?ntype=RANKING
2,2024. 9. 23. 월,YTN,3,"수확 앞두고 쏟아진 폭우...""올해 농사 포기할 판""",https://n.news.naver.com/article/052/0002090795?ntype=RANKING
3,2024. 9. 23. 월,YTN,4,"'지민비조' 깨지나...이재명 vs 조국, 호남 전면전으로",https://n.news.naver.com/article/052/0002090795?ntype=RANKING
4,2024. 9. 23. 월,YTN,5,추석 지났는데 여전한 '금배추'...언제까지?,https://n.news.naver.com/article/052/0002090795?ntype=RANKING
5,2024. 9. 23. 월,YTN,6,"""토요일 밤 애인해 줘""…별별 민원인에 '죽고 싶다 25%'",https://n.news.naver.com/article/052/0002090795?ntype=RANKING
6,2024. 9. 23. 월,YTN,7,"""단돈 4천 원에 한 끼 해결""...간편식도 품질 경쟁 [앵커리포트]",https://n.news.naver.com/article/052/0002090795?ntype=RANKING
7,2024. 9. 23. 월,YTN,8,원전동맹 넘어 경제협력 발판 마련...한-체코 '맞손',https://n.news.naver.com/article/052/0002090795?ntype=RANKING
8,2024. 9. 23. 월,YTN,9,"'독대' 요청 사실상 거부에...한동훈 ""조속한 시일 내 봐야""",https://n.news.naver.com/article/052/0002090795?ntype=RANKING
9,2024. 9. 23. 월,YTN,10,"'흉기 난동' 예고에 장갑차까지...""못 잡아 불안""",https://n.news.naver.com/article/052/0002090795?ntype=RANKING
10,2024. 9. 23. 월,조선비즈,1,"연봉 5천 버는 캐디가 약자?...골프장도, 국세청도 손 놓은 ‘세금 사각지대’",https://n.news.naver.com/article/366/0001019608?ntype=RANKING
11,2024. 9. 23. 월,조선비즈,2,“올 여름 40도” 적중한 교수 “올 겨울은 영하 18도까지 떨어진다”,https://n.news.naver.com/article/366/0001019608?ntype=RANKING
12,2024. 9. 23. 월,조선비즈,3,"文 전 대통령 ""檢, 이재명과 나에게 이러는데 국민에겐 오죽하겠나""",https://n.news.naver.com/article/366/0001019608?ntype=RANKING
13,2024. 9. 23. 월,조선비즈,4,대통령실 “내일 韓 독대 없어... 추후 협의” 사실상 거부,https://n.news.naver.com/article/366/0001019608?ntype=RANKING
14,2024. 9. 23. 월,조선비즈,5,"대통령실, 체코 수주 한국 몫 6.6조?... “가짜뉴스, 수주 안 되길 바라나” 비판",https://n.news.naver.com/article/366/0001019608?ntype=RANKING
15,2024. 9. 23. 월,조선비즈,6,"안덕근 산업장관 ""체코 원전, 밑지는 장사 아냐""",https://n.news.naver.com/article/366/0001019608?ntype=RANKING
16,2024. 9. 23. 월,조선비즈,7,‘블랙리스트 작성 전공의’ 구속되자 의사들 모금 인증 속출,https://n.news.naver.com/article/366/0001019608?ntype=RANKING
17,2024. 9. 23. 월,조선비즈,8,"檢, 박상용 검사 탄핵청문회 의결에 “사법방해 탄핵… 절차 멈춰야”",https://n.news.naver.com/article/366/0001019608?ntype=RANKING
18,2024. 9. 23. 월,조선비즈,9,사당에 ‘8억 로또’ 떴다… 실거주 의무도 없어,https://n.news.naver.com/article/366/0001019608?ntype=RANKING
19,2024. 9. 23. 월,조선비즈,10,가계대출 급증에 4대 금융지주 3분기 실적 ‘역대 최대’ 전망,https://n.news.naver.com/article/366/0001019608?ntype=RANKING
20,2024. 9. 23. 월,KBS,1,“왕 크니까 왕 귀여워”…SNS서 인기몰이 중인 새끼 왕펭귄 [잇슈 SNS],https://n.news.naver.com/article/056/0011805380?ntype=RANKING
21,2024. 9. 23. 월,KBS,2,영동고속도로 갓길에 차 세우고 반려견 배변시킨 화물차주 [제보],https://n.news.naver.com/article/056/0011805380?ntype=RANKING
22,2024. 9. 23. 월,KBS,3,살해한 동거녀 시멘트로 암매장…16년 만에 ‘덜미’,https://n.news.naver.com/article/056/0011805380?ntype=RANKING
23,2024. 9. 23. 월,KBS,4,“배달용은 더 비싸게”…‘이중 가격제’ 확산,https://n.news.naver.com/article/056/0011805380?ntype=RANKING
24,2024. 9. 23. 월,KBS,5,북 쓰레기 풍선에 인천공항 또 운항 중단,https://n.news.naver.com/article/056/0011805380?ntype=RANKING
25,2024. 9. 23. 월,KBS,6,"‘사면초가’ 축협, 내일 국회에…정몽규·홍명보 등 증인 출석 [이런뉴스]",https://n.news.naver.com/article/056/0011805380?ntype=RANKING
26,2024. 9. 23. 월,KBS,7,"필리핀 가사관리사 2명, 2주 만에 ‘무단이탈’…“월급 불만 추정”",https://n.news.naver.com/article/056/0011805380?ntype=RANKING
27,2024. 9. 23. 월,KBS,8,‘암구호’ 사채업자에게 넘기고 돈 빌린 군인들 수사 중,https://n.news.naver.com/article/056/0011805380?ntype=RANKING
28,2024. 9. 23. 월,KBS,9,폭염에 단풍도 밀렸다…설악산은 한 달 뒤 절정,https://n.news.naver.com/article/056/0011805380?ntype=RANKING
29,2024. 9. 23. 월,KBS,10,"이스라엘, 헤즈볼라 근거지 레바논 공습…“100명 숨져”",https://n.news.naver.com/article/056/0011805380?ntype=RANKING
30,2024. 9. 23. 월,SBS,1,"무기고 2곳 공습…""북한산 탄약 등 2000t 파괴""",https://n.news.naver.com/article/055/0001192113?ntype=RANKING
31,2024. 9. 23. 월,SBS,2,"야탑역 경찰 120명 투입…""열심히 찾아봐"" 조롱까지",https://n.news.naver.com/article/055/0001192113?ntype=RANKING
32,2024. 9. 23. 월,SBS,3,[단독] 김장철 비상…'중국산 배추' 소매시장 푼다,https://n.news.naver.com/article/055/0001192113?ntype=RANKING
33,2024. 9. 23. 월,SBS,4,수영장서 물에 빠지고 누워있다 차에 깔리고…주말 가평서 2명 숨져,https://n.news.naver.com/article/055/0001192113?ntype=RANKING
34,2024. 9. 23. 월,SBS,5,필리핀 가사관리사 2명 '연락 두절'…급여 불만?,https://n.news.naver.com/article/055/0001192113?ntype=RANKING
35,2024. 9. 23. 월,SBS,6,"신축 건물 돌며 ""헬스장 열게요""…50억 뜯고 잠적",https://n.news.naver.com/article/055/0001192113?ntype=RANKING
36,2024. 9. 23. 월,SBS,7,[단독] 폭언하고 성희롱…집안 일도 시킨 '체육회장',https://n.news.naver.com/article/055/0001192113?ntype=RANKING
37,2024. 9. 23. 월,SBS,8,"""무서워서 못 다녀"" 부산 도로 한복판 '푹'…시민들 불안",https://n.news.naver.com/article/055/0001192113?ntype=RANKING
38,2024. 9. 23. 월,SBS,9,콘크리트서 16년 만에 발견된 시신…범인은 동거남,https://n.news.naver.com/article/055/0001192113?ntype=RANKING
39,2024. 9. 23. 월,SBS,10,"대통령실, 체코 원전 수주 비판에 ""어느 나라 정당·언론이냐""",https://n.news.naver.com/article/055/0001192113?ntype=RANKING
40,2024. 9. 23. 월,연합뉴스TV,1,"[단독] 안마의자에 끼어 숨진 반려견…제조사, 위험안내 나몰라라",https://n.news.naver.com/article/422/0000683547?ntype=RANKING
41,2024. 9. 23. 월,연합뉴스TV,2,"다섯쌍둥이 출산 부부, 지원금 1억7천만원 넘게 받는다",https://n.news.naver.com/article/422/0000683547?ntype=RANKING
42,2024. 9. 23. 월,연합뉴스TV,3,"필리핀 가사관리사 2명 연락두절…노동계 ""예견된 일""",https://n.news.naver.com/article/422/0000683547?ntype=RANKING
43,2024. 9. 23. 월,연합뉴스TV,4,"북한 풍선에 경고수위 높인 군 ""선 넘으면 군사적 조치""",https://n.news.naver.com/article/422/0000683547?ntype=RANKING
44,2024. 9. 23. 월,연합뉴스TV,5,"블랙리스트 작성자가 영웅?…""돈벼락 맞게 해주자""",https://n.news.naver.com/article/422/0000683547?ntype=RANKING
45,2024. 9. 23. 월,연합뉴스TV,6,"[씬속뉴스] 고속도로서 오리 매달고 광폭질주?!…""학대"" VS ""오리고기 먹으면서 뭘""",https://n.news.naver.com/article/422/0000683547?ntype=RANKING
46,2024. 9. 23. 월,연합뉴스TV,7,동거녀 살해한 뒤 시멘트로 암매장…16년 만에 덜미,https://n.news.naver.com/article/422/0000683547?ntype=RANKING
47,2024. 9. 23. 월,연합뉴스TV,8,"대통령실, 한동훈 독대 여부에 ""별도 협의할 사안""",https://n.news.naver.com/article/422/0000683547?ntype=RANKING
48,2024. 9. 23. 월,연합뉴스TV,9,"대통령실 ""독대는 별도 협의""…한동훈 ""조속한 시일 내에""",https://n.news.naver.com/article/422/0000683547?ntype=RANKING
49,2024. 9. 23. 월,연합뉴스TV,10,"[날씨] 내일 아침 쌀쌀, 낮 기온 30도 밑돌아…강풍·풍랑 유의",https://n.news.naver.com/article/422/0000683547?ntype=RANKING
50,2024. 9. 23. 월,연합뉴스,1,휴대전화 보다가 '툭'…호암미술관 전시작 떨어져,https://n.news.naver.com/article/001/0014943346?ntype=RANKING
51,2024. 9. 23. 월,연합뉴스,2,"'성별 논란' 女복서, 밀라노 패션위크서 뜨거운 환대",https://n.news.naver.com/article/001/0014943346?ntype=RANKING
52,2024. 9. 23. 월,연합뉴스,3,"[영상] 동거녀 시신 시멘트 붓고 암매장…16년만에 발각, 체포 순간에도",https://n.news.naver.com/article/001/0014943346?ntype=RANKING
53,2024. 9. 23. 월,연합뉴스,4,'영원한 재야' 장기표 장례위원장에 김부겸·이부영·김정남,https://n.news.naver.com/article/001/0014943346?ntype=RANKING
54,2024. 9. 23. 월,연합뉴스,5,"美, 2027년식 커넥티드카부터 중국산 소프트웨어 쓰면 판매 금지",https://n.news.naver.com/article/001/0014943346?ntype=RANKING
55,2024. 9. 23. 월,연합뉴스,6,"文 ""檢, 이재명과 나에게 이러는데 국민에겐 오죽하겠나""(종합)",https://n.news.naver.com/article/001/0014943346?ntype=RANKING
56,2024. 9. 23. 월,연합뉴스,7,"尹·韓 독대에 용산 '난색'…韓 ""조속히 만나야""(종합)",https://n.news.naver.com/article/001/0014943346?ntype=RANKING
57,2024. 9. 23. 월,연합뉴스,8,"""돈벼락 맞게 하자""…의사들, 블랙리스트 작성자 돕기 모금행렬(종합2보)",https://n.news.naver.com/article/001/0014943346?ntype=RANKING
58,2024. 9. 23. 월,연합뉴스,9,여교사 딥페이크 성착취물 소지한 '촉법소년' 중학생 수사,https://n.news.naver.com/article/001/0014943346?ntype=RANKING
59,2024. 9. 23. 월,연합뉴스,10,'모차르트 미공개 곡' 추정 악보 발견…사후 233년만,https://n.news.naver.com/article/001/0014943346?ntype=RANKING
60,2024. 9. 23. 월,한국일보,1,"수현, 결혼 5년 만에 파경... 위워크 한국 전 대표와 이혼",https://n.news.naver.com/article/469/0000824381?ntype=RANKING
61,2024. 9. 23. 월,한국일보,2,"소 등심 '새우살' 시켰더니 '칵테일 새우' 배달... ""갈매기살은?""",https://n.news.naver.com/article/469/0000824381?ntype=RANKING
62,2024. 9. 23. 월,한국일보,3,"몸통 잘려 몸부림치는 랍스터에 왕관 씌운 식당...""갑각류도 고통 느껴"" 비판 쇄도",https://n.news.naver.com/article/469/0000824381?ntype=RANKING
63,2024. 9. 23. 월,한국일보,4,"""김 여사 결혼 후 연락 안 했다""던 이종호... 도이치 수사 착수 후 40회 통화기록",https://n.news.naver.com/article/469/0000824381?ntype=RANKING
64,2024. 9. 23. 월,한국일보,5,16년 전 동거녀 살해 후 베란다에 시멘트로 암매장한 범인 검거,https://n.news.naver.com/article/469/0000824381?ntype=RANKING
65,2024. 9. 23. 월,한국일보,6,첫 기자회견 나서는 고려아연...공개매수 가격 인상 카드 고민하는 MBK,https://n.news.naver.com/article/469/0000824381?ntype=RANKING
66,2024. 9. 23. 월,한국일보,7,"포스코, 우리은행서 1조 원 끌어와 이차전지 소재사업 더 키운다",https://n.news.naver.com/article/469/0000824381?ntype=RANKING
67,2024. 9. 23. 월,한국일보,8,"일본 ""러시아 초계기가 영공 3회 침범… 플레어 경고 발사""",https://n.news.naver.com/article/469/0000824381?ntype=RANKING
68,2024. 9. 23. 월,한국일보,9,"대통령실, 韓 독대 요청 사실상 거부... ""꼭 내일 해야 성사되는 건 아냐""",https://n.news.naver.com/article/469/0000824381?ntype=RANKING
69,2024. 9. 23. 월,한국일보,10,이재명 '사법리스크'에 文 찾아간 의원들... '검사 법 왜곡죄'로 李 엄호,https://n.news.naver.com/article/469/0000824381?ntype=RANKING
70,2024. 9. 23. 월,동아일보,1,"‘경사 났네’ 국내 최초 자연임신 오둥이, 1억7000만 원 넘게 지원 받는다",https://n.news.naver.com/article/020/0003588491?ntype=RANKING
71,2024. 9. 23. 월,동아일보,2,"[단독]이기흥 대한체육회장, 세 번째 연임 놓고 셀프 심사 논란",https://n.news.naver.com/article/020/0003588491?ntype=RANKING
72,2024. 9. 23. 월,동아일보,3,“환자 계속 죽어라” 의사 사이트서 이젠 구속 의사에 송금 캠페인,https://n.news.naver.com/article/020/0003588491?ntype=RANKING
73,2024. 9. 23. 월,동아일보,4,‘尹-韓 독대’ 사실상 무산되자… 친한·친윤 ‘네 탓 공방’,https://n.news.naver.com/article/020/0003588491?ntype=RANKING
74,2024. 9. 23. 월,동아일보,5,청약 604채에 신청은 단 1명뿐…오피스텔도 서울-지방 양극화,https://n.news.naver.com/article/020/0003588491?ntype=RANKING
75,2024. 9. 23. 월,동아일보,6,서울교육감 보수 후보 2명 “여론조사 무효”…단일화 사실상 무산,https://n.news.naver.com/article/020/0003588491?ntype=RANKING
76,2024. 9. 23. 월,동아일보,7,"전공의 “개원가로”, 병원은 “빈자리에 간호사 채용”",https://n.news.naver.com/article/020/0003588491?ntype=RANKING
77,2024. 9. 23. 월,동아일보,8,"“과즙이 팡팡”…조회수 1317만 돌파한 울주배 홍보 영상, 뭐길래?",https://n.news.naver.com/article/020/0003588491?ntype=RANKING
78,2024. 9. 23. 월,동아일보,9,"수원지검, 검사 탄핵청문회에 “보복 탄핵이자 방탄 탄핵”",https://n.news.naver.com/article/020/0003588491?ntype=RANKING
79,2024. 9. 23. 월,동아일보,10,동거녀 살해 후 시멘트 부어 베란다에 암매장…16년 만에 발각,https://n.news.naver.com/article/020/0003588491?ntype=RANKING
80,2024. 9. 23. 월,한국경제,1,"""곽튜브 권위적 행동, 역풍 맞을 것""…광팬이 쓴 '성지글' 소름",https://n.news.naver.com/article/015/0005035863?ntype=RANKING
81,2024. 9. 23. 월,한국경제,2,"""액정 깨진 휴대폰 자랑하던 친구 이상했는데""…2030 '돌변' [이슈+]",https://n.news.naver.com/article/015/0005035863?ntype=RANKING
82,2024. 9. 23. 월,한국경제,3,"""오빠 원나잇 원해요"" 문자 오더니…결국 터질게 터졌다",https://n.news.naver.com/article/015/0005035863?ntype=RANKING
83,2024. 9. 23. 월,한국경제,4,"""버거 배달시키려다 깜짝 놀라겠네""…롯데리아 '파격' 행보",https://n.news.naver.com/article/015/0005035863?ntype=RANKING
84,2024. 9. 23. 월,한국경제,5,"""유부남이 새벽까지 술자리""…황재균 징계민원, KBO 답변 나왔다",https://n.news.naver.com/article/015/0005035863?ntype=RANKING
85,2024. 9. 23. 월,한국경제,6,'큰손' 뭉칫돈 20조 빠져나갔다…한국 탈출 러시 '초비상',https://n.news.naver.com/article/015/0005035863?ntype=RANKING
86,2024. 9. 23. 월,한국경제,7,안세영 폭탄 발언에 정부 나섰는데…배드민턴계 갈등 폭발,https://n.news.naver.com/article/015/0005035863?ntype=RANKING
87,2024. 9. 23. 월,한국경제,8,"이나은과 여행 우연 아니었다?…곽튜브, 뒷광고 의혹까지 터졌다",https://n.news.naver.com/article/015/0005035863?ntype=RANKING
88,2024. 9. 23. 월,한국경제,9,'최초 1조 잭팟' 터지나…해외서 인기 폭발한 한국 과자,https://n.news.naver.com/article/015/0005035863?ntype=RANKING
89,2024. 9. 23. 월,한국경제,10,'6만전자' 추락에 26억어치 담았다…줄줄이 나선 삼성 임원들 [종목+],https://n.news.naver.com/article/015/0005035863?ntype=RANKING
90,2024. 9. 23. 월,경향신문,1,"[단독] 국민 92.5% 찬성한다던 연금개혁, 설문조사 문항보니 ‘갸우뚱’",https://n.news.naver.com/article/032/0003322169?ntype=RANKING
91,2024. 9. 23. 월,경향신문,2,사 먹는 ‘배추김치’ 요즘 죄다 품절인 이유가 있었다,https://n.news.naver.com/article/032/0003322169?ntype=RANKING
92,2024. 9. 23. 월,경향신문,3,베란다 콘크리트 속에 시체가…알고보니 16년 전 세입자가 살해한 동거녀,https://n.news.naver.com/article/032/0003322169?ntype=RANKING
93,2024. 9. 23. 월,경향신문,4,[단독]‘유시민 누나’ 유시춘 이사장 두 차례 검찰 소환조사…압수수색 4개월 만에,https://n.news.naver.com/article/032/0003322169?ntype=RANKING
94,2024. 9. 23. 월,경향신문,5,"문재인 “검찰, 전 대통령에게도 이러는데 국민에겐 오죽하겠나”",https://n.news.naver.com/article/032/0003322169?ntype=RANKING
95,2024. 9. 23. 월,경향신문,6,검증하랬더니···“내정 축하” 칭찬만 늘어놓은 인사청문회[현장에서],https://n.news.naver.com/article/032/0003322169?ntype=RANKING
96,2024. 9. 23. 월,경향신문,7,2024년 9월 24일[김용민의 그림마당],https://n.news.naver.com/article/032/0003322169?ntype=RANKING
97,2024. 9. 23. 월,경향신문,8,"[속보]레바논 “이스라엘군 공습에 182명 사망, 727명 부상…가자전쟁 이후 최악”",https://n.news.naver.com/article/032/0003322169?ntype=RANKING
98,2024. 9. 23. 월,경향신문,9,"대통령실 “공천 개입 의혹, 당사자들이 다 부인…추가로 할 말 없다”",https://n.news.naver.com/article/032/0003322169?ntype=RANKING
99,2024. 9. 23. 월,경향신문,10,‘반려동물 보유세’ 선 그은 농식품부,https://n.news.naver.com/article/032/0003322169?ntype=RANKING
100,2024. 9. 23. 월,서울경제,1,'6만 전자' 저점 맞나…삼성전자 임원들은 26억 사들였다,https://n.news.naver.com/article/011/0004395025?ntype=RANKING
101,2024. 9. 23. 월,서울경제,2,'1조 수출' 잭팟 터지나…해외서 너도나도 사먹는다는 K과자 인기 고공행진,https://n.news.naver.com/article/011/0004395025?ntype=RANKING
102,2024. 9. 23. 월,서울경제,3,"""큰 거 가고 큰 거 온다""…역대급 폭염 예고했던 교수, '무서운 미래' 내놨다",https://n.news.naver.com/article/011/0004395025?ntype=RANKING
103,2024. 9. 23. 월,서울경제,4,"""야탑역서 30명 찌를 것"" 예고한 23일 오후 6시 지났는데 범인은 '오리무중'",https://n.news.naver.com/article/011/0004395025?ntype=RANKING
104,2024. 9. 23. 월,서울경제,5,"우주에서 바라본 한반도 야경…더 밝아진 남쪽, 여전히 어두운 북쪽",https://n.news.naver.com/article/011/0004395025?ntype=RANKING
105,2024. 9. 23. 월,서울경제,6,"레바논 ""이스라엘군 공습에 최소 100명 숨져…하루 최다 사망""",https://n.news.naver.com/article/011/0004395025?ntype=RANKING
106,2024. 9. 23. 월,서울경제,7,'키 크는 주사'가 뜬다…토종 양강구도에 힘 못쓰는 외국계,https://n.news.naver.com/article/011/0004395025?ntype=RANKING
107,2024. 9. 23. 월,서울경제,8,"""내 캐릭터 왜 죽여"" 게임하다 지인 때려 숨지게 한 20대의 최후",https://n.news.naver.com/article/011/0004395025?ntype=RANKING
108,2024. 9. 23. 월,서울경제,9,"""지원금 1억 7000만 원 이상""…국내 첫 다섯쌍둥이에 쏟아진 축하 물결",https://n.news.naver.com/article/011/0004395025?ntype=RANKING
109,2024. 9. 23. 월,서울경제,10,휴대전화 보다가 그만…'수억대' 전시작 떨어뜨린 어린이 관광객,https://n.news.naver.com/article/011/0004395025?ntype=RANKING
110,2024. 9. 23. 월,조선일보,1,"1000억대 주식 부자 박영옥 “이런 노다지 없다, 한국 주식 계속 사라”",https://n.news.naver.com/article/023/0003859928?ntype=RANKING
111,2024. 9. 23. 월,조선일보,2,부산 20대 여성 아파트 추락사…마지막 목격자는 예비 신랑,https://n.news.naver.com/article/023/0003859928?ntype=RANKING
112,2024. 9. 23. 월,조선일보,3,"‘어벤져스 출연’ 배우 수현, 사업가 남편과 5년만에 이혼",https://n.news.naver.com/article/023/0003859928?ntype=RANKING
113,2024. 9. 23. 월,조선일보,4,"“아버지·남동생 하늘나라로”… 한기범 앓은 희귀 유전병, 뭐길래",https://n.news.naver.com/article/023/0003859928?ntype=RANKING
114,2024. 9. 23. 월,조선일보,5,단일화 여론조사 끝나자... 서울교육감 보수 후보 2명 “무효”,https://n.news.naver.com/article/023/0003859928?ntype=RANKING
115,2024. 9. 23. 월,조선일보,6,“경기 침체 없다면 73% 상승”... 30년간 美 금리 인하 후 증시 봤더니,https://n.news.naver.com/article/023/0003859928?ntype=RANKING
116,2024. 9. 23. 월,조선일보,7,"‘다섯쌍둥이’ 출산 동두천 부부, 최소 1억 7000만원 지원금 받는다",https://n.news.naver.com/article/023/0003859928?ntype=RANKING
117,2024. 9. 23. 월,조선일보,8,"“사탕 줄게” 유괴범 따라간 6세 꼬마, 73년 흘러 가족 만났다",https://n.news.naver.com/article/023/0003859928?ntype=RANKING
118,2024. 9. 23. 월,조선일보,9,전시 작품에 '오빠 사랑해♡' 낙서했던 남녀 입건,https://n.news.naver.com/article/023/0003859928?ntype=RANKING
119,2024. 9. 23. 월,조선일보,10,"野 주도 '검사 압박 2법', 법사위 소위 회부... ""26일 본회의 상정 가능성""",https://n.news.naver.com/article/023/0003859928?ntype=RANKING
120,2024. 9. 23. 월,YTN,1,"청주 여관 방화 3명 사망...""비 안왔으면 더 큰 피해로 이어질 뻔""",https://n.news.naver.com/article/052/0002090795?ntype=RANKING
121,2024. 9. 23. 월,YTN,2,"""성폭행 위기에 성기 절단""…극적 탈출한 인도 女간호사",https://n.news.naver.com/article/052/0002090795?ntype=RANKING
122,2024. 9. 23. 월,YTN,3,"수확 앞두고 쏟아진 폭우...""올해 농사 포기할 판""",https://n.news.naver.com/article/052/0002090795?ntype=RANKING
123,2024. 9. 23. 월,YTN,4,"'지민비조' 깨지나...이재명 vs 조국, 호남 전면전으로",https://n.news.naver.com/article/052/0002090795?ntype=RANKING
124,2024. 9. 23. 월,YTN,5,추석 지났는데 여전한 '금배추'...언제까지?,https://n.news.naver.com/article/052/0002090795?ntype=RANKING
125,2024. 9. 23. 월,YTN,6,"""토요일 밤 애인해 줘""…별별 민원인에 '죽고 싶다 25%'",https://n.news.naver.com/article/052/0002090795?ntype=RANKING
126,2024. 9. 23. 월,YTN,7,"""단돈 4천 원에 한 끼 해결""...간편식도 품질 경쟁 [앵커리포트]",https://n.news.naver.com/article/052/0002090795?ntype=RANKING
127,2024. 9. 23. 월,YTN,8,원전동맹 넘어 경제협력 발판 마련...한-체코 '맞손',https://n.news.naver.com/article/052/0002090795?ntype=RANKING
128,2024. 9. 23. 월,YTN,9,"'독대' 요청 사실상 거부에...한동훈 ""조속한 시일 내 봐야""",https://n.news.naver.com/article/052/0002090795?ntype=RANKING
129,2024. 9. 23. 월,YTN,10,"'흉기 난동' 예고에 장갑차까지...""못 잡아 불안""",https://n.news.naver.com/article/052/0002090795?ntype=RANKING
130,2024. 9. 23. 월,조선비즈,1,"연봉 5천 버는 캐디가 약자?...골프장도, 국세청도 손 놓은 ‘세금 사각지대’",https://n.news.naver.com/article/366/0001019608?ntype=RANKING
131,2024. 9. 23. 월,조선비즈,2,“올 여름 40도” 적중한 교수 “올 겨울은 영하 18도까지 떨어진다”,https://n.news.naver.com/article/366/0001019608?ntype=RANKING
132,2024. 9. 23. 월,조선비즈,3,"文 전 대통령 ""檢, 이재명과 나에게 이러는데 국민에겐 오죽하겠나""",https://n.news.naver.com/article/366/0001019608?ntype=RANKING
133,2024. 9. 23. 월,조선비즈,4,대통령실 “내일 韓 독대 없어... 추후 협의” 사실상 거부,https://n.news.naver.com/article/366/0001019608?ntype=RANKING
134,2024. 9. 23. 월,조선비즈,5,"대통령실, 체코 수주 한국 몫 6.6조?... “가짜뉴스, 수주 안 되길 바라나” 비판",https://n.news.naver.com/article/366/0001019608?ntype=RANKING
135,2024. 9. 23. 월,조선비즈,6,"안덕근 산업장관 ""체코 원전, 밑지는 장사 아냐""",https://n.news.naver.com/article/366/0001019608?ntype=RANKING
136,2024. 9. 23. 월,조선비즈,7,‘블랙리스트 작성 전공의’ 구속되자 의사들 모금 인증 속출,https://n.news.naver.com/article/366/0001019608?ntype=RANKING
137,2024. 9. 23. 월,조선비즈,8,"檢, 박상용 검사 탄핵청문회 의결에 “사법방해 탄핵… 절차 멈춰야”",https://n.news.naver.com/article/366/0001019608?ntype=RANKING
138,2024. 9. 23. 월,조선비즈,9,사당에 ‘8억 로또’ 떴다… 실거주 의무도 없어,https://n.news.naver.com/article/366/0001019608?ntype=RANKING
139,2024. 9. 23. 월,조선비즈,10,가계대출 급증에 4대 금융지주 3분기 실적 ‘역대 최대’ 전망,https://n.news.naver.com/article/366/0001019608?ntype=RANKING
140,2024. 9. 23. 월,KBS,1,“왕 크니까 왕 귀여워”…SNS서 인기몰이 중인 새끼 왕펭귄 [잇슈 SNS],https://n.news.naver.com/article/056/0011805380?ntype=RANKING
141,2024. 9. 23. 월,KBS,2,영동고속도로 갓길에 차 세우고 반려견 배변시킨 화물차주 [제보],https://n.news.naver.com/article/056/0011805380?ntype=RANKING
142,2024. 9. 23. 월,KBS,3,살해한 동거녀 시멘트로 암매장…16년 만에 ‘덜미’,https://n.news.naver.com/article/056/0011805380?ntype=RANKING
143,2024. 9. 23. 월,KBS,4,“배달용은 더 비싸게”…‘이중 가격제’ 확산,https://n.news.naver.com/article/056/0011805380?ntype=RANKING
144,2024. 9. 23. 월,KBS,5,북 쓰레기 풍선에 인천공항 또 운항 중단,https://n.news.naver.com/article/056/0011805380?ntype=RANKING
145,2024. 9. 23. 월,KBS,6,"‘사면초가’ 축협, 내일 국회에…정몽규·홍명보 등 증인 출석 [이런뉴스]",https://n.news.naver.com/article/056/0011805380?ntype=RANKING
146,2024. 9. 23. 월,KBS,7,"필리핀 가사관리사 2명, 2주 만에 ‘무단이탈’…“월급 불만 추정”",https://n.news.naver.com/article/056/0011805380?ntype=RANKING
147,2024. 9. 23. 월,KBS,8,‘암구호’ 사채업자에게 넘기고 돈 빌린 군인들 수사 중,https://n.news.naver.com/article/056/0011805380?ntype=RANKING
148,2024. 9. 23. 월,KBS,9,폭염에 단풍도 밀렸다…설악산은 한 달 뒤 절정,https://n.news.naver.com/article/056/0011805380?ntype=RANKING
149,2024. 9. 23. 월,KBS,10,"이스라엘, 헤즈볼라 근거지 레바논 공습…“100명 숨져”",https://n.news.naver.com/article/056/0011805380?ntype=RANKING
150,2024. 9. 23. 월,SBS,1,"무기고 2곳 공습…""북한산 탄약 등 2000t 파괴""",https://n.news.naver.com/article/055/0001192113?ntype=RANKING
151,2024. 9. 23. 월,SBS,2,"야탑역 경찰 120명 투입…""열심히 찾아봐"" 조롱까지",https://n.news.naver.com/article/055/0001192113?ntype=RANKING
152,2024. 9. 23. 월,SBS,3,[단독] 김장철 비상…'중국산 배추' 소매시장 푼다,https://n.news.naver.com/article/055/0001192113?ntype=RANKING
153,2024. 9. 23. 월,SBS,4,수영장서 물에 빠지고 누워있다 차에 깔리고…주말 가평서 2명 숨져,https://n.news.naver.com/article/055/0001192113?ntype=RANKING
154,2024. 9. 23. 월,SBS,5,필리핀 가사관리사 2명 '연락 두절'…급여 불만?,https://n.news.naver.com/article/055/0001192113?ntype=RANKING
155,2024. 9. 23. 월,SBS,6,"신축 건물 돌며 ""헬스장 열게요""…50억 뜯고 잠적",https://n.news.naver.com/article/055/0001192113?ntype=RANKING
156,2024. 9. 23. 월,SBS,7,[단독] 폭언하고 성희롱…집안 일도 시킨 '체육회장',https://n.news.naver.com/article/055/0001192113?ntype=RANKING
157,2024. 9. 23. 월,SBS,8,"""무서워서 못 다녀"" 부산 도로 한복판 '푹'…시민들 불안",https://n.news.naver.com/article/055/0001192113?ntype=RANKING
158,2024. 9. 23. 월,SBS,9,콘크리트서 16년 만에 발견된 시신…범인은 동거남,https://n.news.naver.com/article/055/0001192113?ntype=RANKING
159,2024. 9. 23. 월,SBS,10,"대통령실, 체코 원전 수주 비판에 ""어느 나라 정당·언론이냐""",https://n.news.naver.com/article/055/0001192113?ntype=RANKING
160,2024. 9. 23. 월,연합뉴스TV,1,"[단독] 안마의자에 끼어 숨진 반려견…제조사, 위험안내 나몰라라",https://n.news.naver.com/article/422/0000683547?ntype=RANKING
161,2024. 9. 23. 월,연합뉴스TV,2,"다섯쌍둥이 출산 부부, 지원금 1억7천만원 넘게 받는다",https://n.news.naver.com/article/422/0000683547?ntype=RANKING
162,2024. 9. 23. 월,연합뉴스TV,3,"필리핀 가사관리사 2명 연락두절…노동계 ""예견된 일""",https://n.news.naver.com/article/422/0000683547?ntype=RANKING
163,2024. 9. 23. 월,연합뉴스TV,4,"북한 풍선에 경고수위 높인 군 ""선 넘으면 군사적 조치""",https://n.news.naver.com/article/422/0000683547?ntype=RANKING
164,2024. 9. 23. 월,연합뉴스TV,5,"블랙리스트 작성자가 영웅?…""돈벼락 맞게 해주자""",https://n.news.naver.com/article/422/0000683547?ntype=RANKING
165,2024. 9. 23. 월,연합뉴스TV,6,"[씬속뉴스] 고속도로서 오리 매달고 광폭질주?!…""학대"" VS ""오리고기 먹으면서 뭘""",https://n.news.naver.com/article/422/0000683547?ntype=RANKING
166,2024. 9. 23. 월,연합뉴스TV,7,동거녀 살해한 뒤 시멘트로 암매장…16년 만에 덜미,https://n.news.naver.com/article/422/0000683547?ntype=RANKING
167,2024. 9. 23. 월,연합뉴스TV,8,"대통령실, 한동훈 독대 여부에 ""별도 협의할 사안""",https://n.news.naver.com/article/422/0000683547?ntype=RANKING
168,2024. 9. 23. 월,연합뉴스TV,9,"대통령실 ""독대는 별도 협의""…한동훈 ""조속한 시일 내에""",https://n.news.naver.com/article/422/0000683547?ntype=RANKING
169,2024. 9. 23. 월,연합뉴스TV,10,"[날씨] 내일 아침 쌀쌀, 낮 기온 30도 밑돌아…강풍·풍랑 유의",https://n.news.naver.com/article/422/0000683547?ntype=RANKING
170,2024. 9. 23. 월,연합뉴스,1,휴대전화 보다가 '툭'…호암미술관 전시작 떨어져,https://n.news.naver.com/article/001/0014943346?ntype=RANKING
171,2024. 9. 23. 월,연합뉴스,2,"'성별 논란' 女복서, 밀라노 패션위크서 뜨거운 환대",https://n.news.naver.com/article/001/0014943346?ntype=RANKING
172,2024. 9. 23. 월,연합뉴스,3,"[영상] 동거녀 시신 시멘트 붓고 암매장…16년만에 발각, 체포 순간에도",https://n.news.naver.com/article/001/0014943346?ntype=RANKING
173,2024. 9. 23. 월,연합뉴스,4,'영원한 재야' 장기표 장례위원장에 김부겸·이부영·김정남,https://n.news.naver.com/article/001/0014943346?ntype=RANKING
174,2024. 9. 23. 월,연합뉴스,5,"美, 2027년식 커넥티드카부터 중국산 소프트웨어 쓰면 판매 금지",https://n.news.naver.com/article/001/0014943346?ntype=RANKING
175,2024. 9. 23. 월,연합뉴스,6,"文 ""檢, 이재명과 나에게 이러는데 국민에겐 오죽하겠나""(종합)",https://n.news.naver.com/article/001/0014943346?ntype=RANKING
176,2024. 9. 23. 월,연합뉴스,7,"尹·韓 독대에 용산 '난색'…韓 ""조속히 만나야""(종합)",https://n.news.naver.com/article/001/0014943346?ntype=RANKING
177,2024. 9. 23. 월,연합뉴스,8,"""돈벼락 맞게 하자""…의사들, 블랙리스트 작성자 돕기 모금행렬(종합2보)",https://n.news.naver.com/article/001/0014943346?ntype=RANKING
178,2024. 9. 23. 월,연합뉴스,9,여교사 딥페이크 성착취물 소지한 '촉법소년' 중학생 수사,https://n.news.naver.com/article/001/0014943346?ntype=RANKING
179,2024. 9. 23. 월,연합뉴스,10,'모차르트 미공개 곡' 추정 악보 발견…사후 233년만,https://n.news.naver.com/article/001/0014943346?ntype=RANKING
180,2024. 9. 23. 월,한국일보,1,"수현, 결혼 5년 만에 파경... 위워크 한국 전 대표와 이혼",https://n.news.naver.com/article/469/0000824381?ntype=RANKING
181,2024. 9. 23. 월,한국일보,2,"소 등심 '새우살' 시켰더니 '칵테일 새우' 배달... ""갈매기살은?""",https://n.news.naver.com/article/469/0000824381?ntype=RANKING
182,2024. 9. 23. 월,한국일보,3,"몸통 잘려 몸부림치는 랍스터에 왕관 씌운 식당...""갑각류도 고통 느껴"" 비판 쇄도",https://n.news.naver.com/article/469/0000824381?ntype=RANKING
183,2024. 9. 23. 월,한국일보,4,"""김 여사 결혼 후 연락 안 했다""던 이종호... 도이치 수사 착수 후 40회 통화기록",https://n.news.naver.com/article/469/0000824381?ntype=RANKING
184,2024. 9. 23. 월,한국일보,5,16년 전 동거녀 살해 후 베란다에 시멘트로 암매장한 범인 검거,https://n.news.naver.com/article/469/0000824381?ntype=RANKING
185,2024. 9. 23. 월,한국일보,6,첫 기자회견 나서는 고려아연...공개매수 가격 인상 카드 고민하는 MBK,https://n.news.naver.com/article/469/0000824381?ntype=RANKING
186,2024. 9. 23. 월,한국일보,7,"포스코, 우리은행서 1조 원 끌어와 이차전지 소재사업 더 키운다",https://n.news.naver.com/article/469/0000824381?ntype=RANKING
187,2024. 9. 23. 월,한국일보,8,"일본 ""러시아 초계기가 영공 3회 침범… 플레어 경고 발사""",https://n.news.naver.com/article/469/0000824381?ntype=RANKING
188,2024. 9. 23. 월,한국일보,9,"대통령실, 韓 독대 요청 사실상 거부... ""꼭 내일 해야 성사되는 건 아냐""",https://n.news.naver.com/article/469/0000824381?ntype=RANKING
189,2024. 9. 23. 월,한국일보,10,이재명 '사법리스크'에 文 찾아간 의원들... '검사 법 왜곡죄'로 李 엄호,https://n.news.naver.com/article/469/0000824381?ntype=RANKING
190,2024. 9. 23. 월,동아일보,1,"‘경사 났네’ 국내 최초 자연임신 오둥이, 1억7000만 원 넘게 지원 받는다",https://n.news.naver.com/article/020/0003588491?ntype=RANKING
191,2024. 9. 23. 월,동아일보,2,"[단독]이기흥 대한체육회장, 세 번째 연임 놓고 셀프 심사 논란",https://n.news.naver.com/article/020/0003588491?ntype=RANKING
192,2024. 9. 23. 월,동아일보,3,“환자 계속 죽어라” 의사 사이트서 이젠 구속 의사에 송금 캠페인,https://n.news.naver.com/article/020/0003588491?ntype=RANKING
193,2024. 9. 23. 월,동아일보,4,‘尹-韓 독대’ 사실상 무산되자… 친한·친윤 ‘네 탓 공방’,https://n.news.naver.com/article/020/0003588491?ntype=RANKING
194,2024. 9. 23. 월,동아일보,5,청약 604채에 신청은 단 1명뿐…오피스텔도 서울-지방 양극화,https://n.news.naver.com/article/020/0003588491?ntype=RANKING
195,2024. 9. 23. 월,동아일보,6,서울교육감 보수 후보 2명 “여론조사 무효”…단일화 사실상 무산,https://n.news.naver.com/article/020/0003588491?ntype=RANKING
196,2024. 9. 23. 월,동아일보,7,"전공의 “개원가로”, 병원은 “빈자리에 간호사 채용”",https://n.news.naver.com/article/020/0003588491?ntype=RANKING
197,2024. 9. 23. 월,동아일보,8,"“과즙이 팡팡”…조회수 1317만 돌파한 울주배 홍보 영상, 뭐길래?",https://n.news.naver.com/article/020/0003588491?ntype=RANKING
198,2024. 9. 23. 월,동아일보,9,"수원지검, 검사 탄핵청문회에 “보복 탄핵이자 방탄 탄핵”",https://n.news.naver.com/article/020/0003588491?ntype=RANKING
199,2024. 9. 23. 월,동아일보,10,동거녀 살해 후 시멘트 부어 베란다에 암매장…16년 만에 발각,https://n.news.naver.com/article/020/0003588491?ntype=RANKING
200,2024. 9. 23. 월,한국경제,1,"""곽튜브 권위적 행동, 역풍 맞을 것""…광팬이 쓴 '성지글' 소름",https://n.news.naver.com/article/015/0005035863?ntype=RANKING
201,2024. 9. 23. 월,한국경제,2,"""액정 깨진 휴대폰 자랑하던 친구 이상했는데""…2030 '돌변' [이슈+]",https://n.news.naver.com/article/015/0005035863?ntype=RANKING
202,2024. 9. 23. 월,한국경제,3,"""오빠 원나잇 원해요"" 문자 오더니…결국 터질게 터졌다",https://n.news.naver.com/article/015/0005035863?ntype=RANKING
203,2024. 9. 23. 월,한국경제,4,"""버거 배달시키려다 깜짝 놀라겠네""…롯데리아 '파격' 행보",https://n.news.naver.com/article/015/0005035863?ntype=RANKING
204,2024. 9. 23. 월,한국경제,5,"""유부남이 새벽까지 술자리""…황재균 징계민원, KBO 답변 나왔다",https://n.news.naver.com/article/015/0005035863?ntype=RANKING
205,2024. 9. 23. 월,한국경제,6,'큰손' 뭉칫돈 20조 빠져나갔다…한국 탈출 러시 '초비상',https://n.news.naver.com/article/015/0005035863?ntype=RANKING
206,2024. 9. 23. 월,한국경제,7,안세영 폭탄 발언에 정부 나섰는데…배드민턴계 갈등 폭발,https://n.news.naver.com/article/015/0005035863?ntype=RANKING
207,2024. 9. 23. 월,한국경제,8,"이나은과 여행 우연 아니었다?…곽튜브, 뒷광고 의혹까지 터졌다",https://n.news.naver.com/article/015/0005035863?ntype=RANKING
208,2024. 9. 23. 월,한국경제,9,'최초 1조 잭팟' 터지나…해외서 인기 폭발한 한국 과자,https://n.news.naver.com/article/015/0005035863?ntype=RANKING
209,2024. 9. 23. 월,한국경제,10,'6만전자' 추락에 26억어치 담았다…줄줄이 나선 삼성 임원들 [종목+],https://n.news.naver.com/article/015/0005035863?ntype=RANKING
210,2024. 9. 23. 월,경향신문,1,"[단독] 국민 92.5% 찬성한다던 연금개혁, 설문조사 문항보니 ‘갸우뚱’",https://n.news.naver.com/article/032/0003322169?ntype=RANKING
211,2024. 9. 23. 월,경향신문,2,사 먹는 ‘배추김치’ 요즘 죄다 품절인 이유가 있었다,https://n.news.naver.com/article/032/0003322169?ntype=RANKING
212,2024. 9. 23. 월,경향신문,3,베란다 콘크리트 속에 시체가…알고보니 16년 전 세입자가 살해한 동거녀,https://n.news.naver.com/article/032/0003322169?ntype=RANKING
213,2024. 9. 23. 월,경향신문,4,[단독]‘유시민 누나’ 유시춘 이사장 두 차례 검찰 소환조사…압수수색 4개월 만에,https://n.news.naver.com/article/032/0003322169?ntype=RANKING
214,2024. 9. 23. 월,경향신문,5,"문재인 “검찰, 전 대통령에게도 이러는데 국민에겐 오죽하겠나”",https://n.news.naver.com/article/032/0003322169?ntype=RANKING
215,2024. 9. 23. 월,경향신문,6,검증하랬더니···“내정 축하” 칭찬만 늘어놓은 인사청문회[현장에서],https://n.news.naver.com/article/032/0003322169?ntype=RANKING
216,2024. 9. 23. 월,경향신문,7,2024년 9월 24일[김용민의 그림마당],https://n.news.naver.com/article/032/0003322169?ntype=RANKING
217,2024. 9. 23. 월,경향신문,8,"[속보]레바논 “이스라엘군 공습에 182명 사망, 727명 부상…가자전쟁 이후 최악”",https://n.news.naver.com/article/032/0003322169?ntype=RANKING
218,2024. 9. 23. 월,경향신문,9,"대통령실 “공천 개입 의혹, 당사자들이 다 부인…추가로 할 말 없다”",https://n.news.naver.com/article/032/0003322169?ntype=RANKING
219,2024. 9. 23. 월,경향신문,10,‘반려동물 보유세’ 선 그은 농식품부,https://n.news.naver.com/article/032/0003322169?ntype=RANKING
220,2024. 9. 23. 월,서울경제,1,'6만 전자' 저점 맞나…삼성전자 임원들은 26억 사들였다,https://n.news.naver.com/article/011/0004395025?ntype=RANKING
221,2024. 9. 23. 월,서울경제,2,'1조 수출' 잭팟 터지나…해외서 너도나도 사먹는다는 K과자 인기 고공행진,https://n.news.naver.com/article/011/0004395025?ntype=RANKING
222,2024. 9. 23. 월,서울경제,3,"""큰 거 가고 큰 거 온다""…역대급 폭염 예고했던 교수, '무서운 미래' 내놨다",https://n.news.naver.com/article/011/0004395025?ntype=RANKING
223,2024. 9. 23. 월,서울경제,4,"""야탑역서 30명 찌를 것"" 예고한 23일 오후 6시 지났는데 범인은 '오리무중'",https://n.news.naver.com/article/011/0004395025?ntype=RANKING
224,2024. 9. 23. 월,서울경제,5,"우주에서 바라본 한반도 야경…더 밝아진 남쪽, 여전히 어두운 북쪽",https://n.news.naver.com/article/011/0004395025?ntype=RANKING
225,2024. 9. 23. 월,서울경제,6,"레바논 ""이스라엘군 공습에 최소 100명 숨져…하루 최다 사망""",https://n.news.naver.com/article/011/0004395025?ntype=RANKING
226,2024. 9. 23. 월,서울경제,7,'키 크는 주사'가 뜬다…토종 양강구도에 힘 못쓰는 외국계,https://n.news.naver.com/article/011/0004395025?ntype=RANKING
227,2024. 9. 23. 월,서울경제,8,"""내 캐릭터 왜 죽여"" 게임하다 지인 때려 숨지게 한 20대의 최후",https://n.news.naver.com/article/011/0004395025?ntype=RANKING
228,2024. 9. 23. 월,서울경제,9,"""지원금 1억 7000만 원 이상""…국내 첫 다섯쌍둥이에 쏟아진 축하 물결",https://n.news.naver.com/article/011/0004395025?ntype=RANKING
229,2024. 9. 23. 월,서울경제,10,휴대전화 보다가 그만…'수억대' 전시작 떨어뜨린 어린이 관광객,https://n.news.naver.com/article/011/0004395025?ntype=RANKING
230,2024. 9. 23. 월,조선일보,1,"1000억대 주식 부자 박영옥 “이런 노다지 없다, 한국 주식 계속 사라”",https://n.news.naver.com/article/023/0003859928?ntype=RANKING
231,2024. 9. 23. 월,조선일보,2,부산 20대 여성 아파트 추락사…마지막 목격자는 예비 신랑,https://n.news.naver.com/article/023/0003859928?ntype=RANKING
232,2024. 9. 23. 월,조선일보,3,"‘어벤져스 출연’ 배우 수현, 사업가 남편과 5년만에 이혼",https://n.news.naver.com/article/023/0003859928?ntype=RANKING
233,2024. 9. 23. 월,조선일보,4,"“아버지·남동생 하늘나라로”… 한기범 앓은 희귀 유전병, 뭐길래",https://n.news.naver.com/article/023/0003859928?ntype=RANKING
234,2024. 9. 23. 월,조선일보,5,단일화 여론조사 끝나자... 서울교육감 보수 후보 2명 “무효”,https://n.news.naver.com/article/023/0003859928?ntype=RANKING
235,2024. 9. 23. 월,조선일보,6,“경기 침체 없다면 73% 상승”... 30년간 美 금리 인하 후 증시 봤더니,https://n.news.naver.com/article/023/0003859928?ntype=RANKING
236,2024. 9. 23. 월,조선일보,7,"‘다섯쌍둥이’ 출산 동두천 부부, 최소 1억 7000만원 지원금 받는다",https://n.news.naver.com/article/023/0003859928?ntype=RANKING
237,2024. 9. 23. 월,조선일보,8,"“사탕 줄게” 유괴범 따라간 6세 꼬마, 73년 흘러 가족 만났다",https://n.news.naver.com/article/023/0003859928?ntype=RANKING
238,2024. 9. 23. 월,조선일보,9,전시 작품에 '오빠 사랑해♡' 낙서했던 남녀 입건,https://n.news.naver.com/article/023/0003859928?ntype=RANKING
239,2024. 9. 23. 월,조선일보,10,"野 주도 '검사 압박 2법', 법사위 소위 회부... ""26일 본회의 상정 가능성""",https://n.news.naver.com/article/023/0003859928?ntype=RANKING
